idVenta,idSucursal,idVehiculo,idEmpleado,idCliente,edadCliente,generoCliente,fechaVenta,totalVenta,diasRenta
1,7,40,42,49170d39-a4bf-4c1f-a274-ae2fb685d384,50,Female,19/5/2023,$16190.89,33
2,9,5,35,932aa9c6-a771-4643-9bc1-92fd3f440343,65,Female,21/2/2023,$1436.32,78
3,8,21,36,c38a575b-2e3f-49e3-944f-4178478d8b97,42,Male,29/8/2022,$2298.21,75
4,4,33,20,9c9f30a4-54bf-4114-b977-b4c8f4bba0fb,39,Male,26/4/2023,$10581.06,94
5,8,35,31,3097d60e-bc81-4cc8-b393-b8609aac4fc8,29,Female,2/1/2023,$16954.69,32
6,9,18,41,b0b86791-a79e-4de1-8ceb-68cb9cc62602,63,Female,3/6/2023,$19902.72,21
7,1,34,34,f2877037-5603-4b47-8419-49a33fde5c56,50,Male,18/4/2023,$8270.32,24
8,10,36,14,fb769fe4-f8b3-4b6a-b9f9-2f461bfa5750,37,Male,30/9/2022,$17998.79,93
9,5,13,45,54623245-1208-4aaf-89de-3cad4d18e49f,62,Female,13/3/2023,$8051.72,33
10,8,17,37,2d12df01-c161-4c7e-a7d4-02a84911007c,30,Female,23/5/2023,$6252.97,20
11,4,23,25,529a0538-173d-4715-b5b5-ce6de2d02d5d,45,Female,9/12/2022,$11910.70,32
12,8,11,23,801e7965-84bd-4c39-a54d-59bbb0e120a9,64,Female,17/2/2023,$19706.06,81
13,6,14,21,aecd4ac0-bcbf-409c-b64b-6f816414f0ac,71,Female,12/2/2023,$18912.58,45
14,5,16,24,e398cfd6-0046-418f-8f83-1b29b8489cab,39,Male,24/5/2023,$19722.63,26
15,5,12,25,8d40aa70-977d-4084-89ec-19bc2ffed66a,54,Male,25/11/2022,$12358.93,98
16,3,6,36,9bede7d6-68f9-4c6d-9812-7876e14e627a,29,Female,9/12/2022,$8212.42,35
17,9,34,48,e43f532c-14ec-4c75-8840-9777d5b1ed17,53,Male,17/11/2022,$12697.89,13
18,1,39,22,68d3cba1-901f-47b6-a51b-7f1c8ba4a935,21,Male,11/7/2022,$2148.43,72
19,8,33,1,0dd20bde-fc72-45f7-a61e-c7d169c6b45f,30,Male,10/4/2023,$3470.32,44
20,10,31,4,f968a818-b128-45a6-a545-98aceb9b758d,71,Female,16/8/2022,$2707.01,36
21,10,11,6,5cfa789d-3f80-4f38-b65c-b530647edd63,40,Female,14/11/2022,$4623.78,23
22,4,21,7,5c06599d-700d-414d-a836-10d0dfd1c7fa,58,Female,29/9/2022,$4466.60,33
23,8,7,41,e3c3da57-6221-4936-a8a0-7b56b67ef1ac,38,Female,18/2/2023,$6567.07,73
24,7,17,49,0f0a175c-2b17-45ce-980d-aa18f5d8e250,26,Male,16/10/2022,$7177.23,47
25,2,10,15,ffcf880c-e046-4bb3-a79c-cc5e63f89e12,50,Male,10/11/2022,$14245.97,67
26,4,14,40,7d61d19c-bb90-45d6-9965-afa08d684fa8,38,Female,18/8/2022,$1999.55,51
27,1,24,37,52db6f67-32e1-40da-8af9-05d482abf786,37,Female,4/9/2022,$4560.76,22
28,9,9,7,d9547ad9-492f-438b-bf29-783494263f76,50,Male,31/8/2022,$6351.11,56
29,3,37,18,70bf0936-622d-4431-b0b8-3ce75b4e8583,36,Male,12/10/2022,$3656.51,79
30,7,17,2,4c2ad4a4-a8c8-4b51-9a36-afccee085329,54,Female,26/3/2023,$17901.43,97
31,7,36,20,749d719f-8967-4274-a4dc-9d51c3addc07,63,Female,21/5/2023,$13038.45,7
32,3,31,12,5030059a-4acb-499b-802a-00fefb0c22e8,53,Female,30/9/2022,$4664.82,28
33,4,23,37,0149a6b0-cd48-499f-8988-114e57760b20,46,Male,4/5/2023,$6270.45,39
34,1,3,24,8e636d04-646c-4a8e-ab74-8536655d424c,26,Female,22/7/2022,$12894.29,57
35,10,24,24,5f750d32-0782-4f50-8a7a-66b79e954c2a,27,Male,8/11/2022,$10889.55,93
36,7,9,20,431c7801-6ffd-407b-8605-40e71699104e,41,Female,8/12/2022,$13443.87,42
37,3,37,25,8f713f06-b20b-45cd-bf06-ee1c2b289a9e,59,Male,21/8/2022,$13554.84,44
38,10,8,30,be9ce8be-6733-4e0a-8724-c2886e3d8228,74,Male,18/9/2022,$10708.21,76
39,7,3,20,20c32160-0eee-4842-8bcb-1c32049081a9,68,Female,5/7/2022,$9913.40,33
40,6,22,27,6a679200-5a4c-4e43-aa44-103d0944c019,54,Female,21/9/2022,$11049.20,82
41,7,4,3,427c0355-1f49-4696-a2e8-e37e37e395ec,24,Female,29/10/2022,$1747.59,39
42,3,13,36,d3d381c4-8cf7-4461-abef-44f8ba3e034d,32,Male,17/10/2022,$5401.18,85
43,3,40,26,75255200-59e8-4d06-9e1b-ac32892d56d5,34,Female,11/9/2022,$9200.15,46
44,2,8,8,672330f1-83b4-4e24-98ef-16dd89225e12,29,Male,12/9/2022,$2492.10,20
45,7,18,5,b663699c-01ed-40fb-80f3-621a410db0e9,40,Male,25/8/2022,$16222.71,97
46,2,14,1,d0cad0c1-a770-470f-b8b9-e1cf6d1cf38e,64,Male,9/5/2023,$3228.91,72
47,5,14,35,4a4643b1-aedd-4e79-acee-dd4c400e7923,61,Female,16/1/2023,$4038.27,10
48,10,37,45,90ac51d0-b76a-480b-b76a-391a5cb4381c,44,Male,28/11/2022,$11490.44,35
49,5,24,19,8fa40815-53a0-487f-879f-b6c06db5d494,69,Male,26/1/2023,$11416.82,74
50,8,4,35,08e937a9-5e1c-4490-9ac4-2838b3d0a911,66,Female,2/3/2023,$6607.12,13
51,6,29,41,3e5ab190-67c8-4093-968b-7fd828abdabb,58,Male,26/1/2023,$3268.82,97
52,5,16,12,9c23f17f-7d64-4632-a3fd-9c6cfbbc4f6a,56,Male,28/8/2022,$11982.65,83
53,8,36,6,3f7640a8-3d01-433b-93cf-32b5eea292bb,48,Female,2/11/2022,$10388.33,16
54,3,3,2,ed423a90-eeee-4d9e-a9e4-7fad5cb2b972,59,Female,8/3/2023,$17182.90,16
55,8,14,20,bb04fb55-9038-468a-bf7c-a5c98bc211ea,57,Male,30/3/2023,$12942.17,37
56,1,39,23,10a293be-9f4c-4c0c-986b-c462aea9e4e4,60,Male,8/11/2022,$14320.52,15
57,9,2,34,262b8065-0bd9-421a-9c95-332e740b6529,39,Male,10/5/2023,$8226.80,66
58,6,31,21,b656d0a2-def9-4364-acfd-9567c7d6adf5,74,Female,3/6/2023,$1539.41,21
59,5,5,13,eda4d061-5c45-4b9f-a1f3-18d92c594c72,68,Male,23/7/2022,$4838.62,95
60,9,36,36,0c3d557e-b8e2-4bb6-9b5b-a5906509c212,60,Male,14/6/2023,$12619.86,62
61,6,15,20,9c266fa4-f423-409b-bd78-85b6e6bc2c2f,43,Male,27/4/2023,$18734.03,69
62,9,23,12,f89f099d-e6a6-400e-8a0e-cac287128e32,59,Female,5/11/2022,$19419.73,70
63,1,11,9,0b87051c-7fdf-41f1-9e7a-bd6dd11bd56d,57,Female,24/9/2022,$1624.71,18
64,6,29,7,9fb2c262-3e90-4400-a622-dbee7e2aafe2,68,Female,16/7/2022,$13230.66,57
65,4,13,37,224b7439-3969-489d-996d-788cd896691b,32,Male,15/11/2022,$9391.43,48
66,4,33,14,3e0a88a9-2d90-493e-b800-e1c2a5e30b20,22,Male,25/10/2022,$1103.54,16
67,2,38,44,3d992a14-d8c1-4151-b912-59c85b77baea,46,Male,9/2/2023,$9694.87,54
68,1,26,30,63c2d560-0c2b-4c81-b600-75f9bd2b99ef,52,Female,22/10/2022,$2357.14,63
69,3,11,41,99fdd5b6-b011-4afc-938f-252c8198ec22,62,Male,23/5/2023,$3694.25,20
70,5,26,20,4b71b409-10ca-4879-bd63-2078b63cc29c,50,Female,11/12/2022,$9960.50,40
71,5,8,24,1c03006b-0432-4e1e-856a-c9a744d38ba1,73,Female,8/5/2023,$11272.84,78
72,1,24,38,07d195e5-d37a-4dea-95a4-b55fadb207d8,63,Male,13/12/2022,$13113.83,92
73,10,2,26,06dd98eb-8630-4da1-843e-32118939f1f5,45,Female,15/2/2023,$12445.20,92
74,10,33,15,810014e3-579e-4ce9-ba92-457a55af1678,57,Male,18/9/2022,$11139.19,75
75,3,25,28,e29fcc5b-9b22-456e-9a78-411551fc6d44,48,Male,27/5/2023,$3514.73,97
76,9,40,9,30f18dec-4b09-4756-8867-fa11110a43eb,62,Male,26/8/2022,$3428.00,2
77,7,40,43,87022a5b-928e-4f0c-b31e-1b9a7aa51166,61,Male,26/7/2022,$1779.02,56
78,4,12,47,67ab8464-0e0b-4eb5-8cab-39aae1c4e38c,56,Male,8/9/2022,$19038.92,9
79,6,13,5,df78a334-8855-4abe-9bdd-7e334605e358,31,Female,22/1/2023,$16505.30,9
80,9,8,1,e5d0b0a9-7d59-41d9-80a8-387eee2947bf,48,Male,11/4/2023,$3731.20,32
81,8,10,49,46c12333-6817-4199-995a-a1b24d35b81a,56,Male,26/10/2022,$11770.46,78
82,7,22,22,6df1f31c-62fa-48f3-9ab7-d98fd84dd140,25,Female,14/1/2023,$4697.29,20
83,4,29,27,ad6defb7-5b27-42fa-bea2-36a8188f76dc,69,Male,17/4/2023,$3321.99,33
84,5,3,19,a94456bf-d3b5-4137-bb11-81b2bc76bb8f,49,Female,23/3/2023,$15142.46,93
85,8,22,45,b5b62836-4c2b-408e-92ee-fd769a74516a,63,Male,9/5/2023,$12935.73,49
86,5,14,28,df9b21ea-6e1d-455b-a5ba-3f36b835e321,74,Female,25/5/2023,$1447.94,77
87,3,39,30,543f7b7d-c26f-4f90-81f5-5277079ad23e,39,Female,24/3/2023,$11396.60,4
88,10,27,3,e124c1b5-f3dc-4a78-bd25-a0af2300138c,56,Male,5/9/2022,$8297.54,84
89,4,9,4,90730c21-adca-4608-b4fb-7d5c1ecce242,41,Male,13/1/2023,$5057.31,100
90,2,9,25,6dd8ffb1-9151-4bb2-a53b-d6f2f70df230,32,Male,13/3/2023,$3979.98,41
91,7,25,15,03327578-7859-413b-a02d-4ef304a08e59,64,Female,17/11/2022,$4777.34,100
92,5,7,50,2e7c0953-13fe-44f5-b828-715ffb45a776,47,Female,22/6/2022,$18018.06,60
93,3,27,5,1c988045-9492-415f-a891-fbcbe43b3c84,25,Female,25/5/2023,$14673.08,99
94,8,30,32,b5da7abb-2a30-46e2-aaf7-16664628e562,29,Male,23/8/2022,$4036.20,88
95,3,13,42,24328022-aad0-4533-b7f3-bf49235f2306,38,Female,15/11/2022,$11784.70,100
96,5,30,40,3239b753-388b-4cec-89a5-0e069fa123e3,42,Male,22/7/2022,$12273.16,34
97,8,17,15,c61c3bb2-60f5-4a09-9dde-60a920254b54,42,Female,13/10/2022,$18885.65,56
98,3,37,43,393b6e15-f476-4913-aae9-a908b3ebc089,49,Male,6/4/2023,$10641.48,72
99,9,15,6,83589d20-7ee2-4a1a-9b66-42997d656694,56,Male,3/7/2022,$12868.09,79
100,8,21,34,44c0bf24-fb7c-4fc5-ab42-98a5245ccb48,43,Male,16/8/2022,$15849.25,77
101,5,35,12,a63117e3-25f9-49ad-b1a5-d1da6c85ba55,46,Male,10/5/2023,$7892.92,3
102,5,8,1,6a3e1083-bcfb-43be-a3cd-557c6986f396,28,Male,4/10/2022,$19466.76,75
103,1,35,39,a3b49a60-c2f3-4a62-898a-25a28375904f,75,Male,12/4/2023,$19351.89,18
104,6,36,5,c5424280-1f91-4ba7-85b9-9d07d2108918,32,Female,4/3/2023,$11211.27,42
105,3,40,49,de7bff6a-e9d9-4711-be54-b0e7000446da,21,Female,5/4/2023,$12466.84,64
106,8,30,14,cde6abe9-e8cf-473f-b19b-a8d30c0c910a,50,Female,2/10/2022,$12823.31,37
107,3,21,43,4c9f1208-4924-40a9-911c-b5f67df30f22,58,Male,1/2/2023,$1585.64,16
108,6,29,6,f6e85d12-f3e4-4c32-825f-cb24fb6d06cf,27,Female,28/9/2022,$14367.05,72
109,10,40,37,b353c982-468d-4bd8-a1ec-8773509ba2fc,64,Male,28/8/2022,$19239.52,88
110,10,25,33,3e23d03e-faab-4c44-8556-581c4ba05c4c,26,Female,14/8/2022,$5101.09,34
111,5,34,23,fd0be75a-0229-4228-be24-ed355e18018d,70,Male,24/7/2022,$4924.37,31
112,10,36,2,399f104a-a050-4635-96e3-1d2485cd3b53,51,Male,30/3/2023,$9247.41,96
113,4,39,29,04100f15-f0ba-4428-93e5-c282724eae56,74,Male,18/9/2022,$16001.62,47
114,7,31,18,f7f33a2e-4af4-45c4-924c-26fe864df114,39,Male,14/11/2022,$13494.05,3
115,8,17,50,b124182c-77b0-4985-a81d-6de359410e62,39,Male,7/8/2022,$11411.78,25
116,6,38,8,2566732a-8d2f-4b70-8379-bd84824391f7,22,Female,2/2/2023,$17805.20,57
117,2,6,46,1bf3c723-5800-44b6-86f4-323b14e968b7,27,Female,30/7/2022,$16661.29,4
118,7,5,23,d45c06b9-cfd8-4d3f-b7b5-3279d9afdade,41,Male,2/1/2023,$8145.33,42
119,5,31,22,c01a0c39-79d5-4881-8a3a-2bc60a2f2930,31,Male,13/6/2023,$18981.69,99
120,3,32,48,48e1f804-b0ee-415c-86d2-8557dab3500d,41,Male,30/11/2022,$16548.39,17
121,4,21,24,77bc48b0-f0b0-4cc3-8814-08e5856cecee,60,Male,16/9/2022,$15036.95,85
122,6,11,3,d05678b4-50ac-4422-817d-f2ce36d36bde,59,Female,8/6/2023,$4741.76,48
123,10,29,11,ef2c2a03-ddcd-4d55-8195-baa098d306df,52,Male,14/5/2023,$19686.64,57
124,5,3,50,d6e83203-c6c1-4a66-b183-4eb331c26edb,23,Female,29/8/2022,$10608.06,78
125,4,13,5,c611194e-8069-41bb-9c14-adeafeda8a3f,21,Male,1/12/2022,$5410.68,93
126,7,9,48,837dd8da-bcc1-4721-a139-fc3e2db296f6,69,Female,24/6/2022,$15921.59,89
127,9,17,48,34ad807b-199a-464f-9619-b1be03ed8a59,59,Male,14/6/2023,$9143.24,59
128,6,24,14,cb177f23-3042-46e3-8d2b-f91b60712e85,46,Male,12/11/2022,$14023.18,73
129,6,12,7,edf2a2c3-fd33-44d8-ab52-f2ea39879339,62,Male,25/6/2022,$12747.84,98
130,8,38,7,4f026901-0a25-4b5d-96a8-6bba9b374506,59,Female,5/3/2023,$14442.68,52
131,2,31,11,85dbf9cf-88b1-4296-b81a-539b789d7670,60,Male,15/6/2023,$12365.18,64
132,3,40,45,059a67db-ce0e-449a-b0b1-cc8801b79883,74,Female,22/5/2023,$3744.66,56
133,5,19,43,a4a4a922-9c48-4ada-b360-d1e772a5b31d,29,Male,23/9/2022,$3190.09,64
134,1,3,15,b6d8d7ba-12a6-48ab-9b24-4b0f4cc78b5e,45,Female,23/11/2022,$11496.94,62
135,7,17,39,71263f76-1873-4ad9-beba-ad880ac61925,60,Male,14/11/2022,$9924.68,56
136,7,7,33,1122efed-f0d4-47b5-b42d-4efa1c7afd3c,52,Female,6/6/2023,$5427.17,82
137,6,5,1,912a663c-ef98-426e-a47c-1112baa4cf43,46,Male,28/7/2022,$11814.82,12
138,6,9,32,2aae21b1-595e-4e25-a7aa-152ab1958ffb,75,Female,21/3/2023,$4969.54,87
139,9,39,18,df1741fa-9107-40fa-bbec-9e9fdfb18e82,40,Female,15/12/2022,$12426.32,31
140,3,30,31,3c4d7dd6-fc20-41ba-ac18-1971d5ec1b4a,69,Male,27/8/2022,$3331.74,43
141,7,36,49,c0bca4e7-3926-49fc-8fca-522c62846e4d,34,Female,23/5/2023,$13331.35,10
142,2,24,43,d6ddb40e-2356-4464-84bb-6b679a410975,41,Male,14/11/2022,$568.42,17
143,9,14,19,f46160b8-964a-4d4f-b41d-25a93c5ebecc,41,Female,28/4/2023,$12984.29,68
144,4,21,47,38109dd1-54e4-4d4d-85a2-c59a73bdae17,30,Female,27/10/2022,$4443.12,16
145,9,25,27,19926b55-01ba-4921-a469-a30463c1f6da,37,Male,25/11/2022,$5100.78,48
146,10,20,26,dfdbc969-bcd5-413f-b933-1e3dee2bad67,22,Female,27/5/2023,$19708.58,65
147,1,11,24,ffa97346-e35e-4402-8ac7-638fbd602e84,66,Male,1/1/2023,$2293.44,75
148,1,40,6,0b73ec17-dfc6-4769-a49c-447b0cd7f46d,32,Female,1/2/2023,$16855.56,53
149,7,35,19,3035f196-a73f-4467-8c0f-5253097c8d3b,23,Female,10/1/2023,$16164.06,38
150,2,28,4,c50aa22d-afcf-46c9-9789-4f37a359de77,66,Male,14/6/2023,$500.96,16
151,6,4,16,5793f16d-bd5c-4ddf-8014-bbd364e5aa6e,36,Male,12/4/2023,$5528.52,82
152,4,31,10,ed43ce23-6bc3-4922-9d86-0c211bb16538,74,Female,27/10/2022,$17369.06,2
153,5,27,12,dc14c6dd-3a42-44ef-81d5-8dee5a76b8d5,48,Male,17/3/2023,$8506.51,9
154,5,30,23,34618fb2-5070-489f-bceb-45075524d104,37,Female,22/2/2023,$5322.33,43
155,3,35,25,e109f61a-f2cd-4a6d-b822-489814dc2f7d,37,Female,18/12/2022,$16789.75,48
156,9,6,47,8ffe2057-e61d-4a98-8270-3961f8be3206,65,Male,5/6/2023,$12334.60,27
157,4,14,16,f6bc41ac-8638-4bff-83bd-6e1465eb5b79,34,Male,26/8/2022,$13170.97,72
158,8,27,8,f615a3f4-5d27-49bb-a0bf-5a901e74cdcd,72,Female,9/6/2023,$10085.32,36
159,9,33,48,36803ae8-fc99-49fb-bb40-d050a92ba6cf,42,Male,23/1/2023,$3348.15,76
160,5,8,32,56e97674-d881-4642-82d2-ef1de917bc76,54,Female,10/3/2023,$19896.48,80
161,3,22,21,06fd341b-e748-438f-bc3e-8b69569db8d0,64,Male,6/10/2022,$14783.34,76
162,3,27,29,e94c2899-8e64-4586-8697-1c7898cf170f,65,Male,19/7/2022,$1996.08,4
163,9,14,15,7ac14010-111e-4182-bd12-b63fb1aab614,59,Female,30/7/2022,$1963.19,99
164,9,5,18,4963a552-8ea6-4adf-b85a-0a553d23b21f,24,Female,22/11/2022,$15472.64,49
165,7,31,41,6fb42e9d-96c0-4317-b41c-bc20e86f8d2e,51,Male,6/3/2023,$16126.33,87
166,2,5,50,6fe1ed10-6108-4ba2-88ba-51f86197b97f,24,Female,21/7/2022,$5681.03,61
167,10,30,3,932c1ac4-842c-41f8-889f-f8b2090b5c15,45,Male,14/3/2023,$4036.31,99
168,8,1,3,ef6a69a2-bffd-4c27-b3bb-0ee3eb18488b,58,Female,10/11/2022,$2888.41,97
169,6,8,46,3f006ac3-a40d-4de8-9579-6440e3c7318d,24,Male,29/1/2023,$10609.23,93
170,4,22,5,7ac60fa9-35b8-4e8e-b978-f41653c0b5fd,71,Female,19/12/2022,$3121.68,65
171,9,30,28,f48cccfb-9b59-467f-ae17-b58a8d6987d0,56,Male,1/4/2023,$6232.13,1
172,6,9,19,8f3533a8-5d81-40c2-adfc-45b9f46a5853,58,Female,5/7/2022,$10845.64,37
173,3,36,48,29e39c92-7c72-4a34-b13c-89d171f1e709,57,Female,26/7/2022,$18026.73,52
174,9,16,39,a9abae65-79de-4949-91a8-a08efb63bb4e,65,Male,22/2/2023,$13964.69,4
175,6,2,46,ac30b684-b10d-4ffb-9cfc-1577b1166533,36,Female,14/8/2022,$17262.95,80
176,2,34,19,850ca13b-0771-4b45-8d6b-60b06d026053,55,Male,13/6/2023,$16904.73,89
177,8,15,24,42c1ea9e-4450-4469-a14e-ad16036be0b6,46,Female,12/3/2023,$11138.55,93
178,5,12,32,b15c8320-9667-424e-9f1d-6609203c13de,26,Male,20/7/2022,$749.55,85
179,8,19,14,f2c72b2b-1a75-4cdb-a3f1-08cf51333a2b,25,Female,11/1/2023,$14285.12,100
180,5,19,42,acb7ce42-8d19-4d1b-b4d8-ff9fe3fa75f1,51,Male,11/3/2023,$9400.17,47
181,10,26,13,b2099ffb-58ad-4c8a-a974-ebd903d018c7,41,Female,6/10/2022,$5157.77,59
182,1,6,11,5b762487-257a-4cb9-bfad-3bbd38aaca30,34,Male,31/7/2022,$10362.85,95
183,7,25,44,d6c989b8-4deb-4d41-811c-c7ea6899e821,39,Female,28/8/2022,$4214.92,93
184,2,3,25,6c208c0b-f2eb-4466-8cd7-edf2727a6140,67,Male,1/11/2022,$16268.42,63
185,10,28,36,1bdd3a0a-fa5b-4448-b4de-00a93aa2a6b1,73,Female,7/3/2023,$5543.96,13
186,9,35,1,f8dc00f9-51eb-4818-bf39-624a35054784,50,Female,10/6/2023,$6258.41,81
187,4,40,44,339558f4-e51d-4076-9001-1c3d4871c298,57,Female,30/4/2023,$6819.29,97
188,6,16,46,c13d73bd-75d4-4103-a773-4467c0e59cc0,69,Female,18/1/2023,$1197.03,70
189,6,19,39,bf46dd2c-6ac6-4707-b31b-e7c8c9b9735a,38,Male,25/5/2023,$5180.71,69
190,8,4,17,15de8bc7-d06b-46c1-a1af-e3da175d8d08,67,Male,2/6/2023,$9778.78,41
191,2,28,13,658bbd88-a4e8-48de-9286-36a26e184967,70,Female,9/11/2022,$6364.18,71
192,3,17,21,dab77bd5-e865-4690-bec7-2a6868440b88,71,Female,18/6/2022,$18527.65,82
193,9,38,38,9f33764d-b532-4aa9-93fa-a95e37f811f3,54,Male,2/6/2023,$7886.24,100
194,4,16,28,a48f5d57-a45c-4ba8-a08a-d3d18531d4b3,46,Male,11/10/2022,$9537.19,48
195,2,18,25,0b237893-59d7-46b4-abd2-36016c9118bf,56,Male,18/4/2023,$9031.06,26
196,3,17,17,a647a07a-0cd6-438d-a051-b12d04d5811f,24,Male,21/6/2022,$9411.38,11
197,3,17,40,f5ed5198-1d0c-4901-9968-1671276ab27b,30,Female,8/3/2023,$6945.90,13
198,4,1,41,307c2e7f-b73c-482e-ba29-207442fa1878,31,Male,3/9/2022,$19857.10,33
199,5,16,2,cb8801db-a88f-448e-88fe-e04d4d3fb117,60,Female,16/8/2022,$3810.05,98
200,10,1,9,37eaaba9-c089-4aea-9087-a556b1daed93,39,Female,22/11/2022,$11200.33,59
201,9,15,3,68e2d6f4-cc2c-443e-b2ed-97947597e62f,60,Male,27/3/2023,$4541.15,60
202,4,13,4,f1a30ac9-5990-4878-80db-7762ef30c109,65,Female,7/8/2022,$16967.21,11
203,6,12,41,500f3e8b-2e71-4481-8306-0c1ac057fe15,33,Male,16/8/2022,$3766.85,9
204,4,13,41,9856d00c-4d4a-4359-af38-ac0c99171f24,72,Female,9/12/2022,$4074.97,97
205,4,33,36,bd5d5448-7000-457b-b105-a78685e91666,66,Female,2/1/2023,$15470.46,75
206,6,18,22,93502234-8869-4fe1-b103-63afc455442e,53,Male,22/4/2023,$1638.75,73
207,10,24,11,7b43b57e-809f-4bb5-a284-35bc3b92958d,32,Female,19/4/2023,$6441.52,44
208,6,36,20,d3082455-4d5c-414b-9321-40cdba275e0d,71,Female,21/5/2023,$6820.59,98
209,1,28,16,31d0b65c-4402-46f2-a825-7d7833d2b350,24,Female,13/4/2023,$2712.72,9
210,4,11,20,33e1c72b-ac02-475c-b18b-208ca0718d32,23,Female,29/12/2022,$1105.62,57
211,10,22,10,2c9419b4-a2fd-4858-9f20-ec0ad79c3371,46,Male,6/4/2023,$11668.76,84
212,7,20,41,cbd348fc-e4ab-4d03-892a-ff0f9ed9ba05,26,Female,26/11/2022,$5483.51,3
213,9,25,19,cbd2adb9-09ea-4853-bab0-f1c926218739,67,Female,27/11/2022,$12624.85,83
214,10,21,44,961fb0de-4075-4249-a631-5a4cf0de1447,36,Female,10/1/2023,$16890.66,15
215,8,25,8,778687cd-dc20-420e-a03e-ad303dfe31a7,26,Male,29/1/2023,$18317.63,67
216,5,39,16,bbac350a-3af5-479a-af0b-0c22928583d8,56,Male,4/12/2022,$13391.64,24
217,2,11,10,a1605d2f-7be2-4ffd-82da-dcd9801359e7,26,Female,19/3/2023,$1514.25,35
218,5,40,12,9a96cc7e-bd9c-4eb1-bd70-b3e4ad93ac76,35,Female,11/12/2022,$15680.52,35
219,1,18,25,23128c0d-8cce-4791-90b3-32716230f5e4,32,Male,23/4/2023,$3427.40,85
220,1,27,26,f0fcf0f9-e5a6-4fc6-95e5-6431ffbeedb3,66,Male,10/11/2022,$7752.00,87
221,8,40,1,e614fe87-6cb4-4417-bd68-5b7a541f5178,47,Female,23/1/2023,$2712.50,79
222,8,16,15,3e0cb3a6-251c-418f-b7a5-8af0b7decbc3,72,Male,21/12/2022,$8022.16,98
223,4,24,1,d6f2606e-bd93-4d14-acf4-1da05100b726,33,Male,8/5/2023,$2698.86,97
224,5,9,35,cbeda20f-a9ad-4f72-a221-cdc7bc5daead,52,Male,5/5/2023,$10889.17,97
225,7,24,17,12ee33a1-0ad0-48f3-9073-939e2eaef248,49,Male,27/6/2022,$9206.37,36
226,10,26,16,3bc16c15-6622-44cd-b594-e1300eadc357,73,Female,29/5/2023,$14652.57,65
227,10,7,31,ce7e339b-ef41-4fe0-b626-a00cd669aa51,55,Male,24/5/2023,$2137.72,61
228,5,12,7,c5196e3a-0dc1-4d15-95e3-4050c13ba72c,74,Male,16/3/2023,$9441.40,52
229,10,35,33,0f08acc9-a6b3-4caf-bc12-1c219469c941,75,Male,7/7/2022,$12136.75,7
230,2,25,41,0df08d22-1034-4369-9014-e3c652a49da2,72,Female,24/8/2022,$3352.76,27
231,3,39,40,7d4eb832-c660-4690-be6a-7b19178e853b,37,Female,12/1/2023,$9620.00,78
232,8,23,9,f2258fda-84bd-4405-8c25-6ce7cf9813b5,31,Male,11/9/2022,$16532.40,38
233,2,32,14,5e31e56e-bd43-4963-b092-ea6274e510b2,73,Male,4/12/2022,$8509.79,67
234,9,38,40,641dd5e0-2a7f-45e2-a119-5bc317c03e30,22,Female,2/3/2023,$16713.04,97
235,7,17,43,7e8eb843-fa65-4fbd-b292-a93372eb7af2,29,Female,20/8/2022,$721.02,64
236,4,8,36,e77811ac-8087-49d5-b4ec-be8cb511fd89,75,Male,26/4/2023,$5013.53,14
237,2,21,45,a6112b12-3955-4e9f-8f74-f805bb619e03,60,Male,16/5/2023,$6035.80,94
238,8,33,35,70cf54e1-98cf-4165-9919-2cc94228c2c5,23,Male,20/7/2022,$9661.90,83
239,2,18,26,6d98f925-9140-47ff-b7b7-8896fa0dd3d1,55,Male,24/12/2022,$3130.00,74
240,1,21,39,4fe7592b-de34-4b52-a059-e402c45d25c4,74,Female,21/12/2022,$15091.92,11
241,9,30,31,6f8b4ba9-79e7-416c-96e2-050c9fdaf28f,35,Male,26/9/2022,$13616.35,53
242,6,30,11,7f657982-b4d3-4726-8177-c170be13411b,52,Male,27/9/2022,$9240.18,99
243,1,15,6,ddb90b68-0803-48ce-9962-5e2ff8fc358c,38,Male,13/9/2022,$7207.15,10
244,2,21,5,afe0a1e0-a3fc-496e-a7cd-0466ca34ffdc,49,Female,15/1/2023,$12504.82,62
245,1,33,28,1392110e-9068-4613-b232-25639ab82c57,32,Female,8/6/2023,$1781.88,71
246,8,24,46,3c90c75f-9a2d-476d-8ab1-56507b4aa1d5,28,Female,27/8/2022,$15410.13,23
247,7,14,13,99a834e5-8981-4b0b-af0b-9aa3eef64069,64,Female,28/12/2022,$11813.65,49
248,10,21,9,13d1b649-f1b7-440c-84f1-9788be734990,49,Female,8/3/2023,$12987.46,54
249,6,36,29,b0e25845-591b-44d0-831e-88080d68f595,32,Female,2/2/2023,$9605.73,4
250,4,9,11,4a7d5b75-5e6a-496c-bbba-10da7711f11c,74,Female,10/1/2023,$14101.33,23
251,9,33,19,5b27effe-2226-4c2b-8a1e-b44758c184eb,54,Female,29/11/2022,$7057.87,94
252,6,34,11,fd664ccb-2ed9-4099-b67b-90b94e5e7572,45,Male,26/1/2023,$19698.86,35
253,1,23,1,e28d439a-0a07-4266-87d2-df660c8506d1,25,Male,17/7/2022,$6490.60,41
254,6,21,25,02c6b56b-1050-4a9d-a2e8-06624743603f,56,Male,14/6/2023,$16937.95,12
255,2,27,7,1838584f-dd45-4d72-98cb-b73c308d21d8,27,Male,10/10/2022,$18061.69,36
256,7,14,42,fc3a7513-937f-4e85-98ce-5de60093be6b,21,Male,23/8/2022,$11140.10,2
257,8,9,19,4dc9116e-622b-40a3-9bc7-22dc3db0dad7,62,Male,22/9/2022,$7928.14,53
258,8,39,19,aedc68c9-178c-4d18-9a83-55e684a4d616,31,Male,4/3/2023,$10158.32,87
259,10,25,20,fff0e063-1fe1-4702-925b-169f71c12fda,42,Male,2/9/2022,$1178.74,32
260,8,3,17,da3390aa-f89d-4653-a289-03bbbbcc8cf4,49,Female,13/12/2022,$1075.83,12
261,6,35,48,e1970683-8268-479a-9bfb-b0f67f27f039,37,Female,13/2/2023,$5021.79,35
262,6,25,25,5d70211d-6b4e-43bd-930e-bde95af3d290,58,Female,2/10/2022,$10837.59,62
263,2,5,23,fc75d18c-fc9a-4e2d-b251-e4f7f424d01f,37,Female,13/4/2023,$15930.34,75
264,2,15,41,efa6e919-0aa9-437b-9195-29e93dfaa909,47,Male,14/9/2022,$12279.63,70
265,10,32,23,29b6e4da-8b40-4889-9d85-adc8a11c7244,65,Female,16/11/2022,$10119.82,85
266,4,25,31,8e41d5c8-366f-4203-8b3d-60bc25f6b969,50,Male,13/11/2022,$1592.84,30
267,3,6,32,395e6059-99d0-4fcb-a7fb-f6794fee987d,43,Female,24/3/2023,$8247.44,20
268,9,2,13,9f6d871a-e94b-4842-8dff-139e339383ed,69,Male,28/9/2022,$17309.26,26
269,4,13,46,23ea8d75-e5fb-4836-8bea-35a0df8727d9,73,Male,7/8/2022,$13836.16,31
270,9,12,44,0f775d1d-6440-4cce-b46a-e3807e68d44f,23,Female,27/8/2022,$18803.37,34
271,7,34,21,85cbd0a6-8587-4e8b-8c39-ebf77f0ccbe2,22,Female,19/5/2023,$16933.55,98
272,6,35,43,cbb5240a-b7ce-4602-9998-561402e62c0e,51,Male,11/5/2023,$12750.19,78
273,2,40,35,d595f042-e26d-47c5-88e6-dc4dd552f8b0,33,Female,11/12/2022,$5817.09,99
274,2,27,13,bc4dbda9-b5ef-4058-bfc8-9d799097ab55,27,Male,4/6/2023,$8616.93,53
275,10,34,47,ec6b82b3-eade-4e9c-be7a-023350564ff0,21,Female,27/11/2022,$5672.61,18
276,3,22,7,381c6d1f-02f7-4ec1-a24b-a1f93732303f,74,Male,21/11/2022,$9998.71,18
277,1,20,6,72194a1e-327f-491b-a646-99048baea2e2,61,Male,20/3/2023,$18739.31,5
278,2,11,3,0b41b5d3-0dfc-46af-bcf2-f9c64011832e,42,Female,29/8/2022,$13280.59,71
279,5,13,13,5c6b5a7a-7a3c-4c53-a8f8-08c9ff93584d,64,Female,18/8/2022,$14405.85,26
280,8,23,6,5f6038a0-4ed8-4cca-bceb-a2b13c24287b,72,Female,3/8/2022,$19769.33,45
281,4,2,9,3a4b4ea5-d13d-4f79-804a-deb01fec0773,73,Male,30/5/2023,$14716.52,95
282,4,31,11,9d496858-3a60-4560-8eae-cf1993083c65,62,Male,16/1/2023,$1296.65,71
283,2,34,3,887e9f8e-20c2-477b-8a32-aacd848f971f,26,Male,19/9/2022,$17482.71,92
284,8,27,6,b641b6fc-51c0-4d33-8569-24396f8ce300,69,Male,14/5/2023,$15713.40,33
285,10,39,46,1287d540-cd26-4f6c-8dae-c02b33eb77ca,22,Female,23/11/2022,$5997.01,81
286,8,15,17,6bf1f87b-23b2-43bb-8683-ec10b9483b62,50,Female,28/6/2022,$9305.32,71
287,10,39,36,b805d5f9-4a1a-4245-8c63-706e744f9919,62,Male,30/10/2022,$7809.94,53
288,7,14,17,c7792f11-0f72-4c30-8554-021de864cd98,61,Male,10/11/2022,$14256.43,94
289,7,36,2,3dd4c0f3-98e8-4873-987a-1c288558e27f,67,Male,16/2/2023,$16263.47,60
290,4,28,17,0ef9daa9-6803-434c-9d51-42f4eec58382,74,Male,16/8/2022,$11274.98,46
291,4,2,43,eee2f044-9140-493d-8c9d-02276661d1e4,50,Female,16/3/2023,$3480.44,97
292,2,14,43,6f16afb4-3ce9-4538-971d-473c0d642d1f,48,Male,20/5/2023,$3430.61,74
293,7,35,22,cefad2ff-1c60-41a8-9ea2-3ca3bdd93ff5,57,Female,26/10/2022,$16851.05,74
294,6,26,40,f2ed8462-16ac-44e9-8b00-5b902553fba1,67,Male,23/11/2022,$2247.10,76
295,3,2,14,593a2c90-6d85-4a53-9c01-ef67bfa4a8d5,63,Male,17/4/2023,$13609.16,61
296,2,28,37,582ffc01-3fa1-40d7-8093-6ec9d4ee02ab,34,Female,18/4/2023,$16295.80,2
297,6,31,32,b917e3e9-1372-4f3b-9fc8-d95a46f3caca,48,Female,9/10/2022,$10026.84,47
298,7,4,10,f870d131-c677-4ba6-8571-6555a8cc0901,25,Male,23/11/2022,$18913.70,73
299,10,19,11,fa6f39db-575b-48b8-be45-e9a36e582267,57,Male,30/4/2023,$17683.22,28
300,6,22,11,d2df3bc6-813c-4b10-a4d8-27b2009bae18,23,Female,10/1/2023,$16285.93,10
301,7,16,36,21563051-b2dc-4760-9366-aee0c836aca9,44,Female,28/6/2022,$7796.38,36
302,3,39,23,e7b5d606-7220-4636-b4d7-eee68836cb50,34,Female,28/4/2023,$19485.80,79
303,2,11,43,eb760a23-2967-42e8-973e-4c2abcb83d2f,33,Female,23/3/2023,$12839.90,68
304,8,34,13,f629a5cd-eefc-4b45-83dd-a3eb6fea7d9a,49,Female,12/11/2022,$11490.44,34
305,2,23,18,1f15c092-6c64-49de-890c-a745635f7f64,39,Female,25/1/2023,$10299.27,76
306,3,27,21,42a79823-344c-40d1-b8e7-281f950a61ab,31,Female,14/9/2022,$521.03,39
307,7,40,20,744dbb6e-7eab-4866-a30a-b259a1118d01,57,Male,10/3/2023,$8235.42,41
308,4,13,22,8340dee2-1332-4213-855c-05243eec76d8,48,Female,3/2/2023,$12109.25,29
309,1,11,6,e40b9216-044a-4834-9e72-f625d4e3d6f1,65,Male,4/7/2022,$17199.65,35
310,5,16,35,f4734bd7-38a1-4041-ad44-2b258d39fe72,69,Female,9/6/2023,$4627.06,78
311,1,34,26,d0bf6a61-52e4-438d-bb93-cc8bacea7723,26,Male,26/10/2022,$854.06,9
312,6,4,44,133fb792-3f97-434e-94d6-49ca998e834d,22,Female,9/1/2023,$1184.75,37
313,4,15,44,740a79f3-cac2-49e9-b02f-401e2efde3e8,23,Male,5/11/2022,$7653.56,80
314,6,17,39,61712fa3-0f80-4f9f-8677-cbb0ab9f6fbc,40,Female,3/2/2023,$15041.64,11
315,1,3,9,b5b222e5-9c54-4c4c-8f0b-8f63389df42b,59,Male,10/7/2022,$2531.73,78
316,10,28,17,4c8a7076-bbde-4fe1-befe-29bbef9b6415,48,Male,9/8/2022,$15494.14,71
317,10,2,19,f3ca3902-c2c6-4cbd-b198-aa7ed1b095c0,66,Male,6/4/2023,$19607.11,50
318,1,24,38,a6ace5ba-de2e-45b9-8a6f-8de68091159a,58,Male,27/12/2022,$16429.33,45
319,4,18,17,0473a982-ae26-4342-89a6-0fc4bbd866ed,50,Female,3/4/2023,$16344.99,64
320,8,40,27,f0f4c87b-9086-4d96-a7e2-247a27ed6492,26,Female,6/9/2022,$19390.45,55
321,4,18,8,d22d996b-c7c9-480e-b822-26d1219d9e02,34,Male,11/10/2022,$12203.32,97
322,6,24,31,698537be-3b34-4614-947a-d017833a0c06,65,Female,4/2/2023,$18261.81,70
323,3,24,1,4d128a71-078e-4d2f-a511-894b02d4ef99,75,Female,1/5/2023,$13979.96,63
324,10,35,31,fb54a02c-d65b-4718-af12-41cc67b736c6,44,Male,6/10/2022,$2783.12,61
325,1,13,26,01439393-b640-4b32-a33f-d2ce260a9c09,41,Female,16/8/2022,$7451.04,65
326,6,38,47,92958a7f-2f98-4c76-8a6e-902ff1d33e6f,51,Male,2/9/2022,$15246.45,18
327,5,2,6,5342b9c0-83c5-491b-b36c-4f2cddbdc167,47,Male,26/6/2022,$11632.75,8
328,9,23,43,421474b9-a643-4dcb-aae8-854f977d2e77,44,Male,23/10/2022,$16692.50,91
329,3,40,42,f5c3a689-8ee9-4f11-a77c-195366a18677,52,Female,11/2/2023,$16097.56,25
330,5,11,11,7e67dc74-bcfc-4193-8ac0-ed01067f8132,29,Female,21/9/2022,$16935.59,61
331,7,16,39,2943c0b1-8654-4489-8b58-2fd776d16edf,49,Female,14/2/2023,$531.96,88
332,10,31,19,286c2f85-0351-424b-8cd0-75d44b8c3a8a,32,Female,15/2/2023,$16833.80,94
333,6,28,38,692d3e11-9fd1-4f2f-8a3e-da3bcd259bdc,62,Male,13/3/2023,$16107.09,11
334,3,21,22,415881fb-d76d-47c8-9919-b4e3146b9b80,41,Female,26/7/2022,$10331.00,98
335,3,33,31,6539a45c-f0b4-494b-b0f2-d85763ed12f8,47,Female,10/5/2023,$17909.58,85
336,6,2,43,1c1cb781-9b2e-4e77-939f-638ae594edf2,74,Male,8/6/2023,$866.01,25
337,1,19,25,bb3431e2-ec64-4831-be79-ef2c13eb9b0c,65,Female,5/2/2023,$17629.93,89
338,9,39,27,d80d85a4-8bb2-4c37-9f0a-73f42157c0d2,59,Male,6/6/2023,$17914.88,5
339,1,1,33,06784c2c-b888-4502-a50d-eb600aaaec4f,64,Male,11/1/2023,$13707.66,75
340,4,38,6,6c6fffbb-eb9a-4336-876b-b7006dade3e5,66,Male,27/12/2022,$19247.01,57
341,6,34,42,35cb2660-1160-41ae-bc7b-da9e3dfe1146,61,Male,31/5/2023,$688.02,94
342,1,18,12,74359424-f039-4e8c-a0ff-691efd6fd72f,32,Female,26/6/2022,$5879.51,55
343,6,22,28,af950996-6d6f-4c6b-98a0-2a9b2aaece62,68,Female,13/7/2022,$8865.11,58
344,9,12,46,e912a868-a0df-44a6-88d9-7f341dffdaa4,56,Male,17/9/2022,$3926.23,37
345,1,7,16,70a1d6df-7163-4e57-a903-d95958ff8d78,35,Female,22/6/2022,$2278.23,46
346,6,26,31,b1e45228-8fd5-47da-809b-4b7ede466eb1,65,Female,14/4/2023,$12131.09,45
347,5,22,32,b25c77f0-05b4-42f5-a623-2fb31dcd55d1,51,Male,5/10/2022,$9239.22,6
348,7,24,49,5458b3e4-3f7c-4738-9ac8-66ae59c7e850,56,Female,10/3/2023,$18044.60,94
349,5,32,3,681d36ef-f822-44c9-b149-d0134f26a146,35,Male,30/1/2023,$1115.73,10
350,1,14,25,4624052d-cd9d-4a4e-a67b-dacafc1ff2e1,54,Female,22/4/2023,$19923.26,55
351,10,10,13,d7cbd388-ad35-44de-995c-7406c565e413,48,Female,11/11/2022,$7038.50,92
352,10,3,45,b7dae165-fd5c-4b01-aad3-b68d2e63b95c,61,Male,28/2/2023,$4183.80,54
353,5,29,43,4cc3f0dd-5dfe-4f90-9a67-8ceb59049234,23,Male,2/9/2022,$14642.75,60
354,7,36,11,7b85d4ab-1ffb-4ba7-86c1-0e86828ad065,22,Male,16/6/2023,$1620.53,48
355,5,9,15,0ef88c99-b908-41f6-8194-dcd5d2ee11f6,31,Male,28/5/2023,$14211.99,64
356,8,26,24,a2a4814e-a721-4270-9a64-6f8284ea16ed,70,Female,24/9/2022,$1401.41,67
357,4,32,34,73c39e5e-2c36-4820-9904-332fa1216345,55,Male,31/5/2023,$19167.41,15
358,7,8,45,aa86505c-1ee5-4b5f-af0d-d6413b54bef0,55,Male,15/1/2023,$11376.67,95
359,4,25,32,0c5553ed-edd7-4292-9e97-decba6364417,56,Male,2/3/2023,$502.98,5
360,8,33,26,9c10a727-8d4c-41bd-852b-d2c9a27c2d86,52,Female,12/11/2022,$9455.95,57
361,9,34,14,6660579f-1e60-432b-b6a0-5f57af72fa5e,52,Male,11/9/2022,$6390.25,72
362,1,4,25,420ff5da-7d59-455c-b3a9-64c9ae676b88,42,Female,10/11/2022,$17924.53,34
363,2,1,37,bd12944c-4153-479d-bad2-c96b52a03f9c,70,Female,11/10/2022,$4724.66,26
364,1,40,20,ef0c761b-0cf5-4868-9191-87a913b03b90,31,Male,21/8/2022,$16807.37,39
365,2,27,21,7d7413b0-cca6-4ae2-b916-048ac5dc4dba,69,Female,18/10/2022,$5208.65,94
366,5,22,40,59745a5d-eddb-4127-afcd-c12a097df6ef,49,Male,16/4/2023,$9159.76,8
367,8,34,41,71ff5870-dfe6-42ab-89f5-6a3bbd633a03,60,Female,14/2/2023,$8558.89,58
368,6,16,45,00adc2d7-01e6-46bf-976e-5f2eda1a6407,47,Male,28/1/2023,$14222.81,15
369,4,24,31,0b4c1206-79ae-4b72-bf61-205dd9094363,58,Male,28/3/2023,$5740.62,22
370,2,6,16,6d875ae1-07c1-44c5-bdbc-75816376851a,27,Male,28/7/2022,$1029.89,50
371,6,32,8,bbbc9c28-7ded-430c-8197-0c8acb568c17,36,Male,16/9/2022,$17689.30,13
372,3,30,5,0fd12dbf-48b3-462b-ad33-82ff2548d514,71,Male,23/6/2022,$3235.98,97
373,6,6,4,cc6c2eb0-0ec5-4ea6-a2c0-8f50d62e294e,67,Male,19/8/2022,$4540.87,16
374,3,31,22,df0d07ea-56d2-474b-b3a2-d44eb63b43ca,56,Female,18/2/2023,$14601.01,61
375,9,35,30,e01cdad1-d032-4850-ab3a-46216c87000d,35,Female,4/10/2022,$18005.79,76
376,7,2,2,58d221dd-f536-4286-a999-041f0d550bc8,40,Female,24/7/2022,$12531.12,4
377,1,9,8,11245f5c-6ee6-4d29-ba37-5c96563d09e7,33,Male,11/7/2022,$5457.40,34
378,3,21,33,f10a10dc-85e4-4b35-9687-f31c54e5aa3c,38,Female,27/1/2023,$4924.07,1
379,8,13,12,f00ca43b-da8a-4432-b0ca-d4c0a1f88839,22,Female,29/12/2022,$15181.94,97
380,7,22,8,64f7b6ec-74cb-4f94-8e9b-a40c3d52fe2a,72,Male,5/3/2023,$12492.19,97
381,9,40,36,5e8afbe7-b435-40ea-8567-a4113acb910e,60,Male,25/11/2022,$4677.92,83
382,3,32,49,5336e7ed-861b-48cd-922c-a2f6fe356e48,34,Male,24/1/2023,$4601.25,12
383,4,39,19,2bfecee5-eaf3-4f61-ba17-637a6924061a,57,Male,28/7/2022,$8540.29,97
384,4,20,49,1b70fae6-92ea-4fbc-94bd-66016774868b,69,Female,2/5/2023,$2451.98,59
385,2,32,22,825eec44-7b43-4c52-adcd-0c87ff3ec2ca,49,Male,24/5/2023,$5355.82,51
386,7,4,37,1d0fcab1-2587-4399-8265-083b49d5357d,33,Female,18/6/2022,$3243.37,48
387,10,9,23,215b7427-c65d-44a8-b931-cc12e51d9a75,42,Female,10/2/2023,$9929.83,71
388,6,22,45,d634d0ea-4de3-4907-a1b7-25ae11b08713,45,Female,2/1/2023,$1763.00,31
389,1,15,43,dd4f51a8-130a-4996-a5f9-4cb5e5f9437e,24,Male,21/11/2022,$10498.73,26
390,10,37,19,aa876dfb-3fb7-437b-b3da-5b7aad715ef8,57,Female,2/5/2023,$5977.54,58
391,9,8,39,fdb1979e-b6d8-47bd-b8df-924c2c9745bb,28,Male,28/6/2022,$4285.37,38
392,10,31,29,52b8c4c7-1b2d-4ddd-8440-805c26b60dda,51,Female,24/3/2023,$15503.70,11
393,5,25,24,a0958678-501d-4b85-8bd9-effb7ee43d68,40,Male,17/3/2023,$5560.67,26
394,5,31,43,f1a75d2c-ff65-4f30-9b49-2b669a3bfed6,58,Female,2/8/2022,$1561.07,14
395,10,12,8,9742b5e3-e700-4bc5-ab83-c2c85b0a4273,48,Female,12/3/2023,$5294.81,100
396,8,33,23,950fc654-caed-4195-84a5-461fcb2c5f51,49,Male,27/4/2023,$15645.34,45
397,6,15,6,e85f3638-fb27-4ff2-932d-7521d1cf4b38,46,Male,24/4/2023,$18078.24,90
398,4,21,1,de7009a7-88cd-4486-a801-7a626aef3aa4,57,Male,16/8/2022,$6000.15,21
399,6,2,21,318aa3b6-0298-4f82-a102-bd17e1304ef8,67,Female,11/10/2022,$4870.43,69
400,6,1,34,a46f9eef-f119-4438-9722-d8cc192a0421,32,Female,2/3/2023,$6711.43,5
401,1,33,21,7bfb2ffc-81c9-4072-ba16-09bf6baf6665,38,Female,30/10/2022,$19073.71,51
402,10,27,16,7773e854-c72a-43bd-b7e8-c1775f107b05,25,Female,3/4/2023,$13130.30,74
403,8,37,31,1a9bd00b-4634-490e-82fd-788f71589c94,54,Male,4/11/2022,$15775.98,43
404,4,33,34,6ba6104d-96ef-4d18-b838-999eb7954752,24,Female,19/2/2023,$2693.64,84
405,10,23,43,eab1073d-c8a7-4659-aa35-29cbd6de60b3,24,Male,2/3/2023,$6381.33,4
406,6,31,47,93e9f7f9-5317-42d9-a476-10e4269f7ba0,34,Male,24/5/2023,$3929.71,54
407,7,10,2,ee1ec454-f465-4a9d-9b93-eea2da6dd462,59,Male,30/7/2022,$9625.59,44
408,4,26,7,117f7a4c-90de-4b56-adfd-afdc6a972695,27,Male,28/11/2022,$6429.20,3
409,5,20,36,231e08f0-fdd5-465f-b3f3-d57815c96247,60,Male,29/4/2023,$5489.23,97
410,5,40,11,7bcaf7c4-f9d5-4d73-a35c-02a662642ab8,51,Female,1/2/2023,$10241.76,88
411,4,26,7,b6c9056a-83c0-4d98-be96-abeb3c607e59,70,Male,14/5/2023,$721.35,92
412,2,25,40,c211ff93-374b-457d-ae84-de41f70c1e00,38,Female,9/2/2023,$6838.84,20
413,3,24,7,7f5ad2d3-bfd4-4c8d-9bb3-801c6436b791,37,Male,25/4/2023,$11981.20,29
414,3,24,25,31a076b8-152e-4c3d-8678-6a7b3f6aa809,41,Female,8/6/2023,$14138.86,87
415,6,3,13,c2c5b51d-272a-4214-b2c9-86fd1b2f1960,58,Female,19/7/2022,$7600.91,96
416,9,3,40,5be1b081-e506-4de2-a58a-cd48f5903d51,27,Male,3/10/2022,$15122.84,44
417,9,31,30,42f0d232-54ea-4d18-b907-b130514ded81,31,Female,12/10/2022,$3318.21,41
418,3,3,13,978a0c23-c651-448c-b8d7-018f9722397d,55,Male,6/1/2023,$4566.75,78
419,4,19,35,e1c398e4-a08d-4ed0-9f3d-093a7c58b527,34,Male,8/8/2022,$2245.45,62
420,9,15,24,a5a05bc3-5c9a-4420-a9a8-43b9289833c5,59,Male,21/4/2023,$10201.03,69
421,1,29,30,54ec4e4a-2429-4033-af79-456c2c1dccf1,75,Male,10/3/2023,$6826.33,80
422,8,13,39,66927b01-ce31-4279-a386-84f2fd8e90d2,47,Female,17/10/2022,$3679.59,17
423,6,25,39,f12237c1-fcc0-4bef-a856-ea6012fc1e34,52,Female,10/1/2023,$19698.68,83
424,9,21,48,a21bfc6f-f24d-49c0-b36c-68ba86d5a852,29,Male,24/5/2023,$1772.86,9
425,3,14,50,549a8c4f-d111-4814-9e76-3bc29c6f367e,35,Female,23/2/2023,$2966.29,14
426,8,4,15,b0156cbd-8141-40ea-aff4-5b7d617f70a1,43,Female,3/12/2022,$15418.22,73
427,6,22,24,2e39602a-4adc-434d-96f8-37f1d9dad9cd,60,Female,15/8/2022,$8391.14,96
428,3,15,50,bed6346d-728b-4ba6-b415-0fe363018922,67,Female,13/3/2023,$11446.64,44
429,10,23,33,bd261dce-fb51-442b-8d38-b8596c4cb59a,46,Female,14/4/2023,$4672.49,56
430,3,21,10,88767ac9-1b25-41c1-ab7a-c870d47f6fc9,52,Male,9/9/2022,$10864.73,91
431,1,6,11,1468496d-07bc-43e4-af0b-f4e382fbf278,50,Male,16/1/2023,$15314.77,91
432,5,18,35,cd9cd8b7-24d6-4449-82f9-5244c4bec47b,73,Male,4/6/2023,$6446.73,31
433,1,3,19,d354ce6f-c4d0-4526-8c43-638a268c7329,23,Male,25/2/2023,$16224.87,78
434,8,38,49,eb8a0623-d2d1-45b6-a8c4-0cd521291ae0,43,Male,1/8/2022,$15890.00,22
435,7,11,31,36b267ca-2c01-4e4e-ad52-3530327eef46,23,Male,23/8/2022,$13012.31,43
436,7,37,21,43dc7eba-a5ac-4930-978f-20f868233bf1,61,Male,12/12/2022,$1047.18,27
437,4,11,3,f8045e1c-0418-4811-8855-e6237e6edd7c,65,Male,14/3/2023,$18960.87,16
438,8,25,21,f10531be-ae45-433c-98be-676b329c9f6a,65,Male,25/5/2023,$16186.43,6
439,10,33,42,039ff3ba-7616-4840-ad09-ebfbce394d7c,34,Female,15/3/2023,$10144.26,55
440,4,32,45,0b8a4a3c-9b82-408a-838e-27415743af05,52,Female,8/12/2022,$923.92,72
441,8,14,28,88ac9e68-9d16-4fe0-b0cb-e96e4d273452,21,Male,10/1/2023,$8011.49,47
442,7,20,46,5487f9b7-9b25-43ab-805c-36c56483050c,22,Male,10/1/2023,$10026.74,48
443,5,7,10,5d2ca68c-8c51-4c8c-ad01-bcc91c32e667,42,Female,21/6/2022,$19196.73,72
444,10,17,1,779b8277-cd67-448b-8ca1-2ae512fddba2,22,Female,22/2/2023,$6097.48,89
445,2,25,48,45772961-10fe-47c0-90d3-f6a64b9d0f54,53,Female,31/5/2023,$15130.55,20
446,6,8,17,22b6a766-4758-43bf-97ef-41450d1d02c4,22,Female,9/4/2023,$12343.67,20
447,5,10,15,06caccbe-83ef-45b7-bb6a-83b6003c8100,57,Female,19/4/2023,$17438.76,96
448,8,29,13,fe3574ec-7056-4f65-aadb-3d2a43098ea0,48,Female,24/1/2023,$19373.24,45
449,5,31,29,9cf744c8-bcfb-4c6c-a21d-294543450fa8,75,Female,13/6/2023,$8397.96,37
450,9,30,17,89120dbd-8a66-41c5-b5f7-731cfcee106c,53,Female,8/8/2022,$2922.58,93
451,9,31,4,d49eecd3-fffb-46a7-b6a8-2b7da87c9f97,46,Female,24/7/2022,$12265.19,87
452,5,17,17,83867b0c-f09e-4677-82a3-5628a8690a59,73,Male,15/7/2022,$9900.22,75
453,4,19,34,98261898-9654-4cb3-97b2-40d04d763620,35,Female,11/2/2023,$17870.15,41
454,7,5,36,1804e91d-b1f1-44fb-922f-74e9bb485fae,54,Male,19/8/2022,$8664.70,48
455,6,14,32,39cafb5f-11ad-419a-b8a6-2b8951001977,68,Female,1/10/2022,$1039.88,7
456,1,6,49,e29b4ea0-1df9-4a75-9c2d-4c7e92e107a9,59,Female,20/7/2022,$14584.45,41
457,10,38,10,d2798141-ebbc-4507-a3b8-cd5e2f4db5cc,43,Female,1/7/2022,$4176.63,50
458,7,20,20,85ba09fc-6161-4e52-9b38-f005c6b92449,37,Female,11/2/2023,$2579.99,99
459,7,35,2,54084a76-f575-4507-845f-7833c2275d44,63,Male,3/4/2023,$5165.03,36
460,2,19,12,4618a43d-e3cb-4666-b1f7-7b6277b4a65c,55,Male,18/9/2022,$5501.87,23
461,1,12,43,e4e64cff-0468-47ec-b8ff-adba3df73b76,54,Male,2/7/2022,$19750.70,47
462,5,24,26,a393def6-6f1e-448c-998f-a6b99ea453b8,74,Male,19/4/2023,$8560.04,86
463,5,26,41,3614b529-3453-4d7a-a978-04d8abec112f,48,Female,27/10/2022,$9437.84,25
464,3,36,28,5fce3f25-bb61-4ce0-bcbb-970e17ddafa4,66,Male,28/1/2023,$8028.65,63
465,4,17,2,5f25fa08-b035-4ddf-b47f-c18d5714c000,50,Male,1/12/2022,$8035.04,19
466,9,15,13,d80460b2-913b-4b15-9226-85b78be7faa4,56,Male,20/5/2023,$15927.21,39
467,10,36,26,ec60e4a0-7075-4893-b50d-dfe725ba1d2e,42,Female,6/1/2023,$12336.07,62
468,10,19,42,30e0b03c-8fdb-4b77-b4c0-5d0e478ed327,26,Male,19/12/2022,$9910.00,43
469,6,13,1,786aff7d-f597-4a0a-8a1f-4ed7ac8d491d,55,Female,5/1/2023,$14645.36,6
470,1,18,42,2ae6dd51-2548-48fd-b5f4-9538a37be794,53,Male,20/3/2023,$6477.31,92
471,1,35,38,496e040f-1ee9-48b7-a502-2cc143179ce5,71,Female,14/8/2022,$13341.18,13
472,1,5,26,6e0285ce-ca96-47a3-ac03-5bf6afbdb194,73,Male,9/3/2023,$12666.44,7
473,2,27,30,a214c3f0-dd30-4e82-ada1-fb9143f5c235,56,Female,21/12/2022,$14265.62,79
474,3,35,45,bc80f6fa-3ca1-448a-84dc-6f53a91b775b,50,Female,4/8/2022,$15963.96,12
475,10,1,6,ac3c1571-94ad-42e7-8a9a-785879e0a0b7,69,Female,15/8/2022,$7166.79,7
476,1,39,9,20b6e34c-5f31-4d67-8d61-cd645dded824,21,Male,17/12/2022,$16300.20,86
477,9,29,27,4bd6529f-b014-4b2d-87f8-a00fbdd3c528,44,Female,17/12/2022,$4955.28,70
478,5,32,39,66ce8865-c083-4f9a-840f-97606c71b9f4,48,Male,3/6/2023,$19356.79,81
479,9,24,33,7b2b51e3-0b17-4494-abd5-716dedeaa53c,69,Male,2/2/2023,$4408.80,93
480,10,14,31,247a60bd-ad7c-4979-85d9-d4d89a54aeef,44,Female,10/1/2023,$10360.05,32
481,10,11,7,5514ca4b-c54e-4a0b-9115-b1d7983fbab1,54,Male,21/1/2023,$2234.66,22
482,3,24,26,b2d75b40-9ae3-4801-ba2d-3361ceb76f1f,40,Male,21/9/2022,$8492.19,69
483,2,40,5,d4ad9053-a931-40e5-b391-ef8769bdd07d,29,Male,21/4/2023,$18947.37,85
484,5,20,8,aa2dccc5-b9b0-4482-a518-42f0f0d8b7ab,51,Male,26/5/2023,$13259.01,43
485,4,27,35,01418b6b-b5ed-47e8-a41e-f33444e0f64f,26,Male,27/1/2023,$12206.44,40
486,3,14,32,f56af776-22c0-4385-a84d-03bac435a319,61,Male,16/12/2022,$845.50,98
487,8,27,27,d228759e-143c-4f2a-bed2-9f6c00716613,45,Male,28/9/2022,$2857.19,76
488,9,33,33,5250c24a-628e-4b25-bef7-e01b1da559a7,28,Female,19/11/2022,$6023.86,80
489,2,1,46,15738688-eaad-4e63-abc6-35be60a3c90d,42,Male,27/6/2022,$16422.51,37
490,9,16,5,8d7c646a-48ac-4150-ba7f-bd3bfddd4f07,27,Male,15/6/2023,$11593.93,100
491,10,25,6,5c1ec477-945c-46d4-b147-b3806b75dee3,41,Female,23/2/2023,$10801.20,48
492,1,22,7,cdc5d2b0-9c1c-4afe-b99f-cbd6408f44e1,73,Female,23/9/2022,$10548.88,66
493,4,14,19,e04c85e4-59bc-4151-b361-30e301bdd9cc,56,Male,16/10/2022,$14262.76,88
494,2,35,14,9cd5d417-1386-483f-bd80-3f9cd6c826bf,58,Female,5/12/2022,$10017.08,1
495,1,28,25,663ec82a-dd86-4018-beeb-06a90edd5d65,57,Male,28/6/2022,$16518.33,88
496,1,31,46,9881a01f-7e65-4f27-994d-f002df32ab20,36,Male,6/11/2022,$18738.80,39
497,7,26,24,02e6e07c-e2a1-43e8-bab9-068d11a9bd78,46,Male,8/12/2022,$17320.52,83
498,5,11,29,7c0d06fe-13ec-44c3-8337-de0681d4b2a6,73,Female,12/6/2023,$790.33,48
499,1,12,42,d2691f84-39f8-4b46-b0d6-cd69c511bda1,66,Female,24/9/2022,$9550.84,21
500,5,28,35,27984fcf-cb93-4994-929e-a3d12e71661c,26,Female,17/3/2023,$15095.32,99
